"MCC"|"Description"|"Market_Segment"|"Industry_Code_Descritption"|"Industry_Code"|"Is_Parent"
"742"|"Veterinary Services"|"Emerging"|"Emerging"|"EM"|"N"
"763"|"Agricultural Co-Operatives"|"Remaining"|"Remaining"|"OT"|"N"
"780"|"Landscaping And Horticultural Services"|"Retail Other"|"Retail"|"RO"|"N"
"1520"|"General Contractors - Residential, And Commercial"|"Retail Other"|"Retail"|"RO"|"N"
"1711"|"Heating, Plumbing, Air Conditioning Contractors"|"Retail Other"|"Retail"|"RO"|"N"
"1731"|"Electrical Contractors"|"Retail Other"|"Retail"|"RO"|"N"
"1740"|"Masonry, Stonework, Tile Setting, Plastering, And Insulation Contractors"|"Retail Other"|"Retail"|"RO"|"N"
"1750"|"Carpentry"|"Retail Other"|"Retail"|"RO"|"N"
"1761"|"Roofing And Siding, Sheet Metal Work"|"Retail Other"|"Retail"|"RO"|"N"
"1771"|"Contractors - Concrete Work"|"Retail Other"|"Retail"|"RO"|"N"
"1799"|"Contractors - Special Trade, Not Elsewhere Classified"|"Remaining"|"Remaining"|"OT"|"N"
"2741"|"Miscellaneous Publishing And Printing"|"Emerging"|"Emerging"|"EM"|"N"
"2791"|"Typesetting, Platemaking & Related Services"|"Emerging"|"Emerging"|"EM"|"N"
"2842"|"Specialty Cleaning, Polishing And Sanitation Preparations"|"Emerging"|"Emerging"|"EM"|"N"
"3000"|"United Airlines"|"Travel & Entertainment"|"Airlines"|"AL"|"Y"
"3001"|"American Airlines"|"Travel & Entertainment"|"Airlines"|"AL"|"Y"
"3002"|"Pan American"|"Travel & Entertainment"|"Airlines"|"AL"|"Y"
"3004"|"Trans World Airlines"|"Travel & Entertainment"|"Airlines"|"AL"|"Y"
"3005"|"British Airways"|"Travel & Entertainment"|"Airlines"|"AL"|"Y"
"3006"|"Japan Airlines"|"Travel & Entertainment"|"Airlines"|"AL"|"Y"
"3007"|"Air France"|"Travel & Entertainment"|"Airlines"|"AL"|"Y"
"3008"|"Lufthansa"|"Travel & Entertainment"|"Airlines"|"AL"|"Y"
"3009"|"Air Canada"|"Travel & Entertainment"|"Airlines"|"AL"|"Y"
"3010"|"KLM (Royal Dutch Airlines)"|"Travel & Entertainment"|"Airlines"|"AL"|"Y"
"3011"|"Aeroflot"|"Travel & Entertainment"|"Airlines"|"AL"|"Y"
"3012"|"Qantas"|"Travel & Entertainment"|"Airlines"|"AL"|"Y"
"3013"|"Alitalia"|"Travel & Entertainment"|"Airlines"|"AL"|"Y"
"3014"|"Saudi Arabian Airlines"|"Travel & Entertainment"|"Airlines"|"AL"|"Y"
"3015"|"Swissair"|"Travel & Entertainment"|"Airlines"|"AL"|"Y"
"3016"|"SAS"|"Travel & Entertainment"|"Airlines"|"AL"|"Y"
"3017"|"South African Airways"|"Travel & Entertainment"|"Airlines"|"AL"|"Y"
"3018"|"Varig (Brazil)"|"Travel & Entertainment"|"Airlines"|"AL"|"Y"
"3020"|"Air-India"|"Travel & Entertainment"|"Airlines"|"AL"|"Y"
"3021"|"Air Algerie"|"Travel & Entertainment"|"Airlines"|"AL"|"Y"
"3022"|"Philippine Airlines"|"Travel & Entertainment"|"Airlines"|"AL"|"Y"
"3023"|"Mexicana"|"Travel & Entertainment"|"Airlines"|"AL"|"Y"
"3024"|"Pakistan International"|"Travel & Entertainment"|"Airlines"|"AL"|"Y"
"3025"|"Air New Zealand"|"Travel & Entertainment"|"Airlines"|"AL"|"Y"
"3026"|"Emirates Airlines"|"Travel & Entertainment"|"Airlines"|"AL"|"Y"
"3027"|"Uta/Interair"|"Travel & Entertainment"|"Airlines"|"AL"|"Y"
"3028"|"Air Malta"|"Travel & Entertainment"|"Airlines"|"AL"|"Y"
"3029"|"Sabena"|"Travel & Entertainment"|"Airlines"|"AL"|"Y"
"3030"|"Aerolineas Argentinas"|"Travel & Entertainment"|"Airlines"|"AL"|"Y"
"3031"|"Olympic Airways"|"Travel & Entertainment"|"Airlines"|"AL"|"Y"
"3032"|"El Al"|"Travel & Entertainment"|"Airlines"|"AL"|"Y"
"3033"|"Ansett Airlines"|"Travel & Entertainment"|"Airlines"|"AL"|"Y"
"3034"|"Australian Airlines"|"Travel & Entertainment"|"Airlines"|"AL"|"Y"
"3035"|"Tap (Portugal)"|"Travel & Entertainment"|"Airlines"|"AL"|"Y"
"3036"|"Vasp (Brazil)"|"Travel & Entertainment"|"Airlines"|"AL"|"Y"
"3037"|"Egyptair"|"Travel & Entertainment"|"Airlines"|"AL"|"Y"
"3038"|"Kuwait Airways"|"Travel & Entertainment"|"Airlines"|"AL"|"Y"
"3039"|"Avianca"|"Travel & Entertainment"|"Airlines"|"AL"|"Y"
"3040"|"Gulf Air (Bahrain)"|"Travel & Entertainment"|"Airlines"|"AL"|"Y"
"3041"|"Balkan-Bulgarian Airlines"|"Travel & Entertainment"|"Airlines"|"AL"|"Y"
"3042"|"Finnair"|"Travel & Entertainment"|"Airlines"|"AL"|"Y"
"3043"|"Aer Lingus"|"Travel & Entertainment"|"Airlines"|"AL"|"Y"
"3044"|"Air Lanka"|"Travel & Entertainment"|"Airlines"|"AL"|"Y"
"3045"|"Nigeria Airways"|"Travel & Entertainment"|"Airlines"|"AL"|"Y"
"3046"|"Cruzeiro Do Sul (Brazil)"|"Travel & Entertainment"|"Airlines"|"AL"|"Y"
"3047"|"Thy (Turkey)"|"Travel & Entertainment"|"Airlines"|"AL"|"Y"
"3048"|"Royal Air Maroc"|"Travel & Entertainment"|"Airlines"|"AL"|"Y"
"3049"|"Tunis Air"|"Travel & Entertainment"|"Airlines"|"AL"|"Y"
"3050"|"Icelandair"|"Travel & Entertainment"|"Airlines"|"AL"|"Y"
"3051"|"Austrian Airlines"|"Travel & Entertainment"|"Airlines"|"AL"|"Y"
"3052"|"Lanchile"|"Travel & Entertainment"|"Airlines"|"AL"|"Y"
"3053"|"Aviaco (Spain)"|"Travel & Entertainment"|"Airlines"|"AL"|"Y"
"3054"|"Ladeco (Chile)"|"Travel & Entertainment"|"Airlines"|"AL"|"Y"
"3055"|"Lab (Bolivia)"|"Travel & Entertainment"|"Airlines"|"AL"|"Y"
"3056"|"Quebecaire"|"Travel & Entertainment"|"Airlines"|"AL"|"Y"
"3057"|"East/West Airlines (Australia)"|"Travel & Entertainment"|"Airlines"|"AL"|"Y"
"3058"|"Delta"|"Travel & Entertainment"|"Airlines"|"AL"|"Y"
"3059"|"Republic"|"Travel & Entertainment"|"Airlines"|"AL"|"Y"
"3060"|"Northwest"|"Travel & Entertainment"|"Airlines"|"AL"|"Y"
"3061"|"Continental"|"Travel & Entertainment"|"Airlines"|"AL"|"Y"
"3063"|"Us Airways"|"Travel & Entertainment"|"Airlines"|"AL"|"Y"
"3064"|"Adria Airways"|"Travel & Entertainment"|"Airlines"|"AL"|"Y"
"3065"|"Airinter"|"Travel & Entertainment"|"Airlines"|"AL"|"Y"
"3066"|"Southwest"|"Travel & Entertainment"|"Airlines"|"AL"|"Y"
"3067"|"Vanguard Airlines"|"Travel & Entertainment"|"Airlines"|"AL"|"Y"
"3071"|"Air British Columbia"|"Travel & Entertainment"|"Airlines"|"AL"|"Y"
"3075"|"Singapore Airlines"|"Travel & Entertainment"|"Airlines"|"AL"|"Y"
"3076"|"Aeromexico"|"Travel & Entertainment"|"Airlines"|"AL"|"Y"
"3077"|"Thai Airways"|"Travel & Entertainment"|"Airlines"|"AL"|"Y"
"3078"|"China Airlines"|"Travel & Entertainment"|"Airlines"|"AL"|"Y"
"3081"|"Nordair"|"Travel & Entertainment"|"Airlines"|"AL"|"Y"
"3082"|"Korean Airlines"|"Travel & Entertainment"|"Airlines"|"AL"|"Y"
"3083"|"Air Afrique"|"Travel & Entertainment"|"Airlines"|"AL"|"Y"
"3085"|"Midwest Express Airlines, Inc"|"Travel & Entertainment"|"Airlines"|"AL"|"Y"
"3086"|"Carnival Airlines"|"Travel & Entertainment"|"Airlines"|"AL"|"Y"
"3087"|"Metro Airlines"|"Travel & Entertainment"|"Airlines"|"AL"|"Y"
"3088"|"Croatia Airlines"|"Travel & Entertainment"|"Airlines"|"AL"|"Y"
"3089"|"Transaero"|"Travel & Entertainment"|"Airlines"|"AL"|"Y"
"3090"|"Uni Airways Corporation"|"Travel & Entertainment"|"Airlines"|"AL"|"Y"
"3092"|"Midway Airlines"|"Travel & Entertainment"|"Airlines"|"AL"|"Y"
"3094"|"Zambia Airways"|"Travel & Entertainment"|"Airlines"|"AL"|"Y"
"3095"|"Wardair (Canada)"|"Travel & Entertainment"|"Airlines"|"AL"|"Y"
"3096"|"Air Zimbabwe"|"Travel & Entertainment"|"Airlines"|"AL"|"Y"
"3097"|"Spainair"|"Travel & Entertainment"|"Airlines"|"AL"|"Y"
"3098"|"Asiana Airlines"|"Travel & Entertainment"|"Airlines"|"AL"|"Y"
"3099"|"Cathay Pacific"|"Travel & Entertainment"|"Airlines"|"AL"|"Y"
"3100"|"Malaysian Airline System"|"Travel & Entertainment"|"Airlines"|"AL"|"Y"
"3102"|"Iberia"|"Travel & Entertainment"|"Airlines"|"AL"|"Y"
"3103"|"Garuda (Indonesia)"|"Travel & Entertainment"|"Airlines"|"AL"|"Y"
"3106"|"Braathens S.A.F.E. (Norway)"|"Travel & Entertainment"|"Airlines"|"AL"|"Y"
"3110"|"Wings Airways"|"Travel & Entertainment"|"Airlines"|"AL"|"Y"
"3111"|"British Midland"|"Travel & Entertainment"|"Airlines"|"AL"|"Y"
"3112"|"Windward Island"|"Travel & Entertainment"|"Airlines"|"AL"|"Y"
"3115"|"Tower Air"|"Travel & Entertainment"|"Airlines"|"AL"|"Y"
"3117"|"Viasa"|"Travel & Entertainment"|"Airlines"|"AL"|"Y"
"3118"|"Valley Airlines"|"Travel & Entertainment"|"Airlines"|"AL"|"Y"
"3125"|"Tan"|"Travel & Entertainment"|"Airlines"|"AL"|"Y"
"3126"|"Talair"|"Travel & Entertainment"|"Airlines"|"AL"|"Y"
"3127"|"Taca International"|"Travel & Entertainment"|"Airlines"|"AL"|"Y"
"3129"|"Surinam Airways"|"Travel & Entertainment"|"Airlines"|"AL"|"Y"
"3130"|"Sun World International"|"Travel & Entertainment"|"Airlines"|"AL"|"Y"
"3132"|"Frontier Airlines"|"Travel & Entertainment"|"Airlines"|"AL"|"Y"
"3133"|"Sunbelt Airlines"|"Travel & Entertainment"|"Airlines"|"AL"|"Y"
"3135"|"Sudan Airways"|"Travel & Entertainment"|"Airlines"|"AL"|"Y"
"3136"|"Qatar Airways"|"Travel & Entertainment"|"Airlines"|"AL"|"Y"
"3137"|"Singleton"|"Travel & Entertainment"|"Airlines"|"AL"|"Y"
"3138"|"Simmons Airlines"|"Travel & Entertainment"|"Airlines"|"AL"|"Y"
"3143"|"Scenic Airlines"|"Travel & Entertainment"|"Airlines"|"AL"|"Y"
"3144"|"Virgin Atlantic"|"Travel & Entertainment"|"Airlines"|"AL"|"Y"
"3145"|"San Juan Airlines"|"Travel & Entertainment"|"Airlines"|"AL"|"Y"
"3146"|"Luxair"|"Travel & Entertainment"|"Airlines"|"AL"|"Y"
"3148"|"Air Littoral Sa"|"Travel & Entertainment"|"Airlines"|"AL"|"Y"
"3151"|"Air Zaire"|"Travel & Entertainment"|"Airlines"|"AL"|"Y"
"3154"|"Princeville"|"Travel & Entertainment"|"Airlines"|"AL"|"Y"
"3156"|"Go Fly, Ltd"|"Travel & Entertainment"|"Airlines"|"AL"|"Y"
"3159"|"Pba"|"Travel & Entertainment"|"Airlines"|"AL"|"Y"
"3161"|"All Nippon Airways"|"Travel & Entertainment"|"Airlines"|"AL"|"Y"
"3164"|"Norontair"|"Travel & Entertainment"|"Airlines"|"AL"|"Y"
"3165"|"New York Helicopter"|"Travel & Entertainment"|"Airlines"|"AL"|"Y"
"3167"|"Aerocontinen"|"Travel & Entertainment"|"Airlines"|"AL"|"Y"
"3170"|"Mount Cook"|"Travel & Entertainment"|"Airlines"|"AL"|"Y"
"3171"|"Canadian Airlines International"|"Travel & Entertainment"|"Airlines"|"AL"|"Y"
"3172"|"Nationair"|"Travel & Entertainment"|"Airlines"|"AL"|"Y"
"3174"|"Jet Blue Airways"|"Travel & Entertainment"|"Airlines"|"AL"|"Y"
"3175"|"Middle East Air"|"Travel & Entertainment"|"Airlines"|"AL"|"Y"
"3176"|"Metroflight Airlines"|"Travel & Entertainment"|"Airlines"|"AL"|"Y"
"3178"|"Mesa Air"|"Travel & Entertainment"|"Airlines"|"AL"|"Y"
"3180"|"Westjet Airlines"|"Travel & Entertainment"|"Airlines"|"AL"|"Y"
"3181"|"Malev"|"Travel & Entertainment"|"Airlines"|"AL"|"Y"
"3182"|"Lot (Poland)"|"Travel & Entertainment"|"Airlines"|"AL"|"Y"
"3184"|"Liat"|"Travel & Entertainment"|"Airlines"|"AL"|"Y"
"3185"|"Lav (Venezuela)"|"Travel & Entertainment"|"Airlines"|"AL"|"Y"
"3186"|"Lap (Paraguay)"|"Travel & Entertainment"|"Airlines"|"AL"|"Y"
"3187"|"Lacsa (Costa Rica)"|"Travel & Entertainment"|"Airlines"|"AL"|"Y"
"3190"|"Jugoslav Air"|"Travel & Entertainment"|"Airlines"|"AL"|"Y"
"3191"|"Island Airlines"|"Travel & Entertainment"|"Airlines"|"AL"|"Y"
"3192"|"Iran Air"|"Travel & Entertainment"|"Airlines"|"AL"|"Y"
"3193"|"Indian Airlines"|"Travel & Entertainment"|"Airlines"|"AL"|"Y"
"3196"|"Hawaiian Air"|"Travel & Entertainment"|"Airlines"|"AL"|"Y"
"3197"|"Havasu Airlines"|"Travel & Entertainment"|"Airlines"|"AL"|"Y"
"3198"|"Harbor Airlines"|"Travel & Entertainment"|"Airlines"|"AL"|"Y"
"3199"|"Servicios Aereos Militares"|"Travel & Entertainment"|"Airlines"|"AL"|"Y"
"3200"|"Guyana Airways"|"Travel & Entertainment"|"Airlines"|"AL"|"Y"
"3203"|"Golden Pacific Air"|"Travel & Entertainment"|"Airlines"|"AL"|"Y"
"3204"|"Freedom Air"|"Travel & Entertainment"|"Airlines"|"AL"|"Y"
"3206"|"China Eastern Airlines"|"Travel & Entertainment"|"Airlines"|"AL"|"Y"
"3212"|"Dominicana"|"Travel & Entertainment"|"Airlines"|"AL"|"Y"
"3215"|"Dan Air Services"|"Travel & Entertainment"|"Airlines"|"AL"|"Y"
"3216"|"Cumberland Airlines"|"Travel & Entertainment"|"Airlines"|"AL"|"Y"
"3217"|"Csa"|"Travel & Entertainment"|"Airlines"|"AL"|"Y"
"3218"|"Crown Air"|"Travel & Entertainment"|"Airlines"|"AL"|"Y"
"3219"|"Copa"|"Travel & Entertainment"|"Airlines"|"AL"|"Y"
"3220"|"Compania Faucett"|"Travel & Entertainment"|"Airlines"|"AL"|"Y"
"3221"|"Transportes Aeros Militares Ecuatorianos"|"Travel & Entertainment"|"Airlines"|"AL"|"Y"
"3222"|"Command Airways"|"Travel & Entertainment"|"Airlines"|"AL"|"Y"
"3223"|"Comair"|"Travel & Entertainment"|"Airlines"|"AL"|"Y"
"3228"|"Cayman Airways"|"Travel & Entertainment"|"Airlines"|"AL"|"Y"
"3229"|"Saeta Sociaedad Ecuatorianos De Transportes Aereos"|"Travel & Entertainment"|"Airlines"|"AL"|"Y"
"3231"|"Sahsa Servicio Aereo De Honduras"|"Travel & Entertainment"|"Airlines"|"AL"|"Y"
"3233"|"Capitol Air"|"Travel & Entertainment"|"Airlines"|"AL"|"Y"
"3234"|"Bwia"|"Travel & Entertainment"|"Airlines"|"AL"|"Y"
"3235"|"Brockway Air"|"Travel & Entertainment"|"Airlines"|"AL"|"Y"
"3238"|"Bemidji Airlines"|"Travel & Entertainment"|"Airlines"|"AL"|"Y"
"3239"|"Bar Harbor Airlines"|"Travel & Entertainment"|"Airlines"|"AL"|"Y"
"3240"|"Bahamasair"|"Travel & Entertainment"|"Airlines"|"AL"|"Y"
"3241"|"Aviateca (Guatemala)"|"Travel & Entertainment"|"Airlines"|"AL"|"Y"
"3242"|"Avensa"|"Travel & Entertainment"|"Airlines"|"AL"|"Y"
"3243"|"Austrian Air Service"|"Travel & Entertainment"|"Airlines"|"AL"|"Y"
"3251"|"Aloha Airlines"|"Travel & Entertainment"|"Airlines"|"AL"|"Y"
"3252"|"Alm"|"Travel & Entertainment"|"Airlines"|"AL"|"Y"
"3253"|"America West"|"Travel & Entertainment"|"Airlines"|"AL"|"Y"
"3254"|"Us Air Shuttle"|"Travel & Entertainment"|"Airlines"|"AL"|"Y"
"3256"|"Alaska Airlines"|"Travel & Entertainment"|"Airlines"|"AL"|"Y"
"3259"|"American Trans Air"|"Travel & Entertainment"|"Airlines"|"AL"|"Y"
"3261"|"Air China"|"Travel & Entertainment"|"Airlines"|"AL"|"Y"
"3262"|"Reno Air, Inc. (Effective 1 June 1994)"|"Travel & Entertainment"|"Airlines"|"AL"|"Y"
"3263"|"Aero Servico Carabobo"|"Travel & Entertainment"|"Airlines"|"AL"|"Y"
"3266"|"Air Seychelles"|"Travel & Entertainment"|"Airlines"|"AL"|"Y"
"3267"|"Air Panama"|"Travel & Entertainment"|"Airlines"|"AL"|"Y"
"3280"|"Air Jamaica"|"Travel & Entertainment"|"Airlines"|"AL"|"Y"
"3282"|"Air Djibouti"|"Travel & Entertainment"|"Airlines"|"AL"|"Y"
"3284"|"Aero Virgin Islands"|"Travel & Entertainment"|"Airlines"|"AL"|"Y"
"3285"|"Aero Peru"|"Travel & Entertainment"|"Airlines"|"AL"|"Y"
"3286"|"Aerolineas Nicaraguensis"|"Travel & Entertainment"|"Airlines"|"AL"|"Y"
"3287"|"Aero Coach Aviation"|"Travel & Entertainment"|"Airlines"|"AL"|"Y"
"3292"|"Cyprus Airways"|"Travel & Entertainment"|"Airlines"|"AL"|"Y"
"3293"|"Ecuatoriana"|"Travel & Entertainment"|"Airlines"|"AL"|"Y"
"3294"|"Ethiopian Airlines"|"Travel & Entertainment"|"Airlines"|"AL"|"Y"
"3295"|"Kenya Airways"|"Travel & Entertainment"|"Airlines"|"AL"|"Y"
"3297"|"Tarom Romanian Air Transport"|"Travel & Entertainment"|"Airlines"|"AL"|"Y"
"3298"|"Air Mauritius"|"Travel & Entertainment"|"Airlines"|"AL"|"Y"
"3351"|"Affiliated Auto Rental"|"Travel & Entertainment"|"Other T&E"|"TO"|"Y"
"3352"|"American Intl Rent-A-Car"|"Travel & Entertainment"|"Other T&E"|"TO"|"Y"
"3353"|"Brooks Rent-A-Car"|"Travel & Entertainment"|"Other T&E"|"TO"|"Y"
"3354"|"Action Auto Rental"|"Travel & Entertainment"|"Other T&E"|"TO"|"Y"
"3357"|"Hertz"|"Travel & Entertainment"|"Other T&E"|"TO"|"Y"
"3359"|"Payless Car Rental"|"Travel & Entertainment"|"Other T&E"|"TO"|"Y"
"3360"|"Snappy Car Rental"|"Travel & Entertainment"|"Other T&E"|"TO"|"Y"
"3361"|"Airways Rent-A-Car"|"Travel & Entertainment"|"Other T&E"|"TO"|"Y"
"3362"|"Altra Auto Rental"|"Travel & Entertainment"|"Other T&E"|"TO"|"Y"
"3364"|"Agency Rent-A-Car"|"Travel & Entertainment"|"Other T&E"|"TO"|"Y"
"3366"|"Budget Rent-A-Car"|"Travel & Entertainment"|"Other T&E"|"TO"|"Y"
"3368"|"Holiday Rent-A-Car"|"Travel & Entertainment"|"Other T&E"|"TO"|"Y"
"3370"|"Rent-A-Wreck"|"Travel & Entertainment"|"Other T&E"|"TO"|"Y"
"3374"|"Accent Rent-A-Car"|"Travel & Entertainment"|"Other T&E"|"TO"|"Y"
"3376"|"Ajax Rent-A-Car"|"Travel & Entertainment"|"Other T&E"|"TO"|"Y"
"3380"|"Triangel Rent-A-Car"|"Travel & Entertainment"|"Other T&E"|"TO"|"Y"
"3381"|"Europ Car"|"Travel & Entertainment"|"Other T&E"|"TO"|"Y"
"3385"|"Tropical Rent-A-Car"|"Travel & Entertainment"|"Other T&E"|"TO"|"Y"
"3386"|"Showcase Rental Cars"|"Travel & Entertainment"|"Other T&E"|"TO"|"Y"
"3387"|"Alamo Rent-A-Car"|"Travel & Entertainment"|"Other T&E"|"TO"|"Y"
"3388"|"Merchants Rent A Car"|"Travel & Entertainment"|"Other T&E"|"TO"|"Y"
"3389"|"Avis Rent-A-Car"|"Travel & Entertainment"|"Other T&E"|"TO"|"Y"
"3390"|"Dollar Rent-A-Car"|"Travel & Entertainment"|"Other T&E"|"TO"|"Y"
"3391"|"Europe By Car"|"Travel & Entertainment"|"Other T&E"|"TO"|"Y"
"3393"|"National Car Rental"|"Travel & Entertainment"|"Other T&E"|"TO"|"Y"
"3394"|"Kemwell Group Rent-A-Car"|"Travel & Entertainment"|"Other T&E"|"TO"|"Y"
"3395"|"Thrifty Car Rental"|"Travel & Entertainment"|"Other T&E"|"TO"|"Y"
"3396"|"Tilden Rent-A-Car"|"Travel & Entertainment"|"Other T&E"|"TO"|"Y"
"3398"|"Econo-Car Rent-A-Car"|"Travel & Entertainment"|"Other T&E"|"TO"|"Y"
"3400"|"Auto Host Car Rentals"|"Travel & Entertainment"|"Other T&E"|"TO"|"Y"
"3405"|"Enterprise Rent-A-Car"|"Travel & Entertainment"|"Other T&E"|"TO"|"Y"
"3409"|"General Rent-A-Car"|"Travel & Entertainment"|"Other T&E"|"TO"|"Y"
"3412"|"A-1 Rent-A-Car"|"Travel & Entertainment"|"Other T&E"|"TO"|"Y"
"3414"|"Godfrey Natl Rent-A-Car"|"Travel & Entertainment"|"Other T&E"|"TO"|"Y"
"3420"|"Ansa Intl Rent-A-Car"|"Travel & Entertainment"|"Other T&E"|"TO"|"Y"
"3421"|"Allstate Rent-A-Car"|"Travel & Entertainment"|"Other T&E"|"TO"|"Y"
"3423"|"Avcar Rent-A-Car"|"Travel & Entertainment"|"Other T&E"|"TO"|"Y"
"3425"|"Automate Rent-A-Car"|"Travel & Entertainment"|"Other T&E"|"TO"|"Y"
"3427"|"Avon Rent-A-Car"|"Travel & Entertainment"|"Other T&E"|"TO"|"Y"
"3428"|"Carey Rent-A-Car"|"Travel & Entertainment"|"Other T&E"|"TO"|"Y"
"3429"|"Insurance Rent-A-Car"|"Travel & Entertainment"|"Other T&E"|"TO"|"Y"
"3430"|"Major Rent-A-Car"|"Travel & Entertainment"|"Other T&E"|"TO"|"Y"
"3431"|"Replacement Rent-A-Car"|"Travel & Entertainment"|"Other T&E"|"TO"|"Y"
"3432"|"Reserve Rent-A-Car"|"Travel & Entertainment"|"Other T&E"|"TO"|"Y"
"3433"|"Ugly Duckling Rent-A-Car"|"Travel & Entertainment"|"Other T&E"|"TO"|"Y"
"3434"|"Usa Rent-A-Car"|"Travel & Entertainment"|"Other T&E"|"TO"|"Y"
"3435"|"Value Rent-A-Car"|"Travel & Entertainment"|"Other T&E"|"TO"|"Y"
"3436"|"Autohansa Rent-A-Car"|"Travel & Entertainment"|"Other T&E"|"TO"|"Y"
"3437"|"Cite Rent-A-Car"|"Travel & Entertainment"|"Other T&E"|"TO"|"Y"
"3438"|"Interent Rent-A-Car"|"Travel & Entertainment"|"Other T&E"|"TO"|"Y"
"3439"|"Milleville Rent-A-Car"|"Travel & Entertainment"|"Other T&E"|"TO"|"Y"
"3441"|"Advantage Rent A Car"|"Travel & Entertainment"|"Other T&E"|"TO"|"Y"
"3501"|"Holiday Inns / Inn Express"|"Travel & Entertainment"|"Hotel"|"HT"|"Y"
"3502"|"Best Western Hotels"|"Travel & Entertainment"|"Hotel"|"HT"|"Y"
"3503"|"Sheraton Hotels"|"Travel & Entertainment"|"Hotel"|"HT"|"Y"
"3504"|"Hilton Hotels"|"Travel & Entertainment"|"Hotel"|"HT"|"Y"
"3505"|"Forte Hotels"|"Travel & Entertainment"|"Hotel"|"HT"|"Y"
"3506"|"Golden Tulip Hotels"|"Travel & Entertainment"|"Hotel"|"HT"|"Y"
"3507"|"Friendship Inns"|"Travel & Entertainment"|"Hotel"|"HT"|"Y"
"3508"|"Quality Inns / Suites"|"Travel & Entertainment"|"Hotel"|"HT"|"Y"
"3509"|"Marriott"|"Travel & Entertainment"|"Hotel"|"HT"|"Y"
"3510"|"Days Inns"|"Travel & Entertainment"|"Hotel"|"HT"|"Y"
"3511"|"Arabella Hotels"|"Travel & Entertainment"|"Hotel"|"HT"|"Y"
"3512"|"Inter-Continental Hotels"|"Travel & Entertainment"|"Hotel"|"HT"|"Y"
"3513"|"Westin Hotels"|"Travel & Entertainment"|"Hotel"|"HT"|"Y"
"3514"|"Amerisuites"|"Travel & Entertainment"|"Hotel"|"HT"|"Y"
"3515"|"Rodeway Inns"|"Travel & Entertainment"|"Hotel"|"HT"|"Y"
"3516"|"La Quinta Motor Inns"|"Travel & Entertainment"|"Hotel"|"HT"|"Y"
"3517"|"Americana Hotels"|"Travel & Entertainment"|"Hotel"|"HT"|"Y"
"3518"|"Sol Hotels"|"Travel & Entertainment"|"Hotel"|"HT"|"Y"
"3519"|"Pullman International Hotels"|"Travel & Entertainment"|"Hotel"|"HT"|"Y"
"3520"|"Meridien Hotels"|"Travel & Entertainment"|"Hotel"|"HT"|"Y"
"3521"|"Crest Hotels (See Forte Hotels)"|"Travel & Entertainment"|"Hotel"|"HT"|"Y"
"3522"|"Tokyo Hotel"|"Travel & Entertainment"|"Hotel"|"HT"|"Y"
"3523"|"Peninsula Hotel"|"Travel & Entertainment"|"Hotel"|"HT"|"Y"
"3524"|"Welcomgroup Hotels"|"Travel & Entertainment"|"Hotel"|"HT"|"Y"
"3525"|"Dunfey Hotels"|"Travel & Entertainment"|"Hotel"|"HT"|"Y"
"3526"|"Prince Hotels"|"Travel & Entertainment"|"Hotel"|"HT"|"Y"
"3527"|"Downtowner-Passport Hotel"|"Travel & Entertainment"|"Hotel"|"HT"|"Y"
"3528"|"Red Lion Hotels / Inns, Thunderbird Hotels"|"Travel & Entertainment"|"Hotel"|"HT"|"Y"
"3529"|"Cp Hotels"|"Travel & Entertainment"|"Hotel"|"HT"|"Y"
"3530"|"Renaissance Hotels"|"Travel & Entertainment"|"Hotel"|"HT"|"Y"
"3531"|"Astir Hotels"|"Travel & Entertainment"|"Hotel"|"HT"|"Y"
"3532"|"Sun Route Hotels"|"Travel & Entertainment"|"Hotel"|"HT"|"Y"
"3533"|"Hotel Ibis"|"Travel & Entertainment"|"Hotel"|"HT"|"Y"
"3534"|"Southern Pacific Hotels"|"Travel & Entertainment"|"Hotel"|"HT"|"Y"
"3535"|"Hilton Internationals"|"Travel & Entertainment"|"Hotel"|"HT"|"Y"
"3536"|"Amfac Hotels"|"Travel & Entertainment"|"Hotel"|"HT"|"Y"
"3537"|"Ana Hotel"|"Travel & Entertainment"|"Hotel"|"HT"|"Y"
"3538"|"Concorde Hotels"|"Travel & Entertainment"|"Hotel"|"HT"|"Y"
"3539"|"Summerfield Suites Hotels"|"Travel & Entertainment"|"Hotel"|"HT"|"Y"
"3540"|"Iberotel Hotels"|"Travel & Entertainment"|"Hotel"|"HT"|"Y"
"3541"|"Hotel Okura"|"Travel & Entertainment"|"Hotel"|"HT"|"Y"
"3542"|"Royal Hotels"|"Travel & Entertainment"|"Hotel"|"HT"|"Y"
"3543"|"Four Seasons Hotels"|"Travel & Entertainment"|"Hotel"|"HT"|"Y"
"3544"|"Ciga Hotels"|"Travel & Entertainment"|"Hotel"|"HT"|"Y"
"3545"|"Shangri-La International"|"Travel & Entertainment"|"Hotel"|"HT"|"Y"
"3546"|"Sierra Suites Hotels"|"Travel & Entertainment"|"Hotel"|"HT"|"Y"
"3548"|"Hoteles Melia"|"Travel & Entertainment"|"Hotel"|"HT"|"Y"
"3549"|"Auberge Des Governeurs"|"Travel & Entertainment"|"Hotel"|"HT"|"Y"
"3550"|"Regal 8 Inns"|"Travel & Entertainment"|"Hotel"|"HT"|"Y"
"3551"|"Mirage Hotel And Casino"|"Travel & Entertainment"|"Hotel"|"HT"|"Y"
"3552"|"Coast Hotels"|"Travel & Entertainment"|"Hotel"|"HT"|"Y"
"3553"|"Park Inns International"|"Travel & Entertainment"|"Hotel"|"HT"|"Y"
"3555"|"Treasure Island Hotel And Casino"|"Travel & Entertainment"|"Hotel"|"HT"|"Y"
"3558"|"Jolly Hotels"|"Travel & Entertainment"|"Hotel"|"HT"|"Y"
"3559"|"Thistle Hotels (See Mount Charlotte Thistle)"|"Travel & Entertainment"|"Hotel"|"HT"|"Y"
"3561"|"Golden Nugget"|"Travel & Entertainment"|"Hotel"|"HT"|"Y"
"3562"|"Comfort Inns"|"Travel & Entertainment"|"Hotel"|"HT"|"Y"
"3563"|"Journey's End Motels"|"Travel & Entertainment"|"Hotel"|"HT"|"Y"
"3564"|"Sam's Town Hotel And Casino"|"Travel & Entertainment"|"Hotel"|"HT"|"Y"
"3565"|"Relax Inns"|"Travel & Entertainment"|"Hotel"|"HT"|"Y"
"3568"|"Ladbroke Hotels"|"Travel & Entertainment"|"Hotel"|"HT"|"Y"
"3570"|"Forum Hotels"|"Travel & Entertainment"|"Hotel"|"HT"|"Y"
"3572"|"Miyako Hotels"|"Travel & Entertainment"|"Hotel"|"HT"|"Y"
"3573"|"Sandman Hotels"|"Travel & Entertainment"|"Hotel"|"HT"|"Y"
"3574"|"Venture Inns"|"Travel & Entertainment"|"Hotel"|"HT"|"Y"
"3575"|"Vagabond Hotels"|"Travel & Entertainment"|"Hotel"|"HT"|"Y"
"3577"|"Mandarin Oriental Hotel"|"Travel & Entertainment"|"Hotel"|"HT"|"Y"
"3579"|"Hotel Mercure"|"Travel & Entertainment"|"Hotel"|"HT"|"Y"
"3581"|"Delta Hotel"|"Travel & Entertainment"|"Hotel"|"HT"|"Y"
"3582"|"California Hotel And Casino"|"Travel & Entertainment"|"Hotel"|"HT"|"Y"
"3583"|"Sas Hotels"|"Travel & Entertainment"|"Hotel"|"HT"|"Y"
"3584"|"Princess Hotels International"|"Travel & Entertainment"|"Hotel"|"HT"|"Y"
"3585"|"Hungar Hotels"|"Travel & Entertainment"|"Hotel"|"HT"|"Y"
"3586"|"Sokos Hotels"|"Travel & Entertainment"|"Hotel"|"HT"|"Y"
"3587"|"Doral Hotels"|"Travel & Entertainment"|"Hotel"|"HT"|"Y"
"3588"|"Helmsley Hotels"|"Travel & Entertainment"|"Hotel"|"HT"|"Y"
"3590"|"Fairmont Hotels"|"Travel & Entertainment"|"Hotel"|"HT"|"Y"
"3591"|"Sonesta Hotels"|"Travel & Entertainment"|"Hotel"|"HT"|"Y"
"3592"|"Omni Hotels"|"Travel & Entertainment"|"Hotel"|"HT"|"Y"
"3593"|"Cunard Hotels"|"Travel & Entertainment"|"Hotel"|"HT"|"Y"
"3595"|"Hospitality International"|"Travel & Entertainment"|"Hotel"|"HT"|"Y"
"3598"|"Regent International Hotels"|"Travel & Entertainment"|"Hotel"|"HT"|"Y"
"3599"|"Pannonia Hotels"|"Travel & Entertainment"|"Hotel"|"HT"|"Y"
"3603"|"Noah's Hotels"|"Travel & Entertainment"|"Hotel"|"HT"|"Y"
"3612"|"Movenpick Hotels"|"Travel & Entertainment"|"Hotel"|"HT"|"Y"
"3615"|"Travelodge"|"Travel & Entertainment"|"Hotel"|"HT"|"Y"
"3620"|"Binion's Horseshoe Club"|"Travel & Entertainment"|"Hotel"|"HT"|"Y"
"3622"|"Merlin Hotels"|"Travel & Entertainment"|"Hotel"|"HT"|"Y"
"3623"|"Dorint Hotels"|"Travel & Entertainment"|"Hotel"|"HT"|"Y"
"3624"|"Lady Luck Hotel And Casino"|"Travel & Entertainment"|"Hotel"|"HT"|"Y"
"3625"|"Hotel Universale"|"Travel & Entertainment"|"Hotel"|"HT"|"Y"
"3626"|"King Edward Hotel"|"Travel & Entertainment"|"Hotel"|"HT"|"Y"
"3627"|"Valhalla Inns"|"Travel & Entertainment"|"Hotel"|"HT"|"Y"
"3628"|"Excalibur Hotel And Casino"|"Travel & Entertainment"|"Hotel"|"HT"|"Y"
"3629"|"Dan Hotels"|"Travel & Entertainment"|"Hotel"|"HT"|"Y"
"3631"|"Sleep Inn"|"Travel & Entertainment"|"Hotel"|"HT"|"Y"
"3632"|"The Phoenician"|"Travel & Entertainment"|"Hotel"|"HT"|"Y"
"3633"|"Rank Hotels"|"Travel & Entertainment"|"Hotel"|"HT"|"Y"
"3634"|"Swissotel"|"Travel & Entertainment"|"Hotel"|"HT"|"Y"
"3635"|"Reso Hotels"|"Travel & Entertainment"|"Hotel"|"HT"|"Y"
"3636"|"Sarova Hotels"|"Travel & Entertainment"|"Hotel"|"HT"|"Y"
"3637"|"Ramada Inns / Limited"|"Travel & Entertainment"|"Hotel"|"HT"|"Y"
"3638"|"Howard Johnson, Ho Jo Inn"|"Travel & Entertainment"|"Hotel"|"HT"|"Y"
"3639"|"Mount Charlotte Thistle"|"Travel & Entertainment"|"Hotel"|"HT"|"Y"
"3640"|"Hyatt Hotels"|"Travel & Entertainment"|"Hotel"|"HT"|"Y"
"3641"|"Sofitel Hotels"|"Travel & Entertainment"|"Hotel"|"HT"|"Y"
"3642"|"Novotel Hotels"|"Travel & Entertainment"|"Hotel"|"HT"|"Y"
"3643"|"Steigenberger Hotels"|"Travel & Entertainment"|"Hotel"|"HT"|"Y"
"3644"|"Econo Lodges"|"Travel & Entertainment"|"Hotel"|"HT"|"Y"
"3645"|"Queens Moat Houses"|"Travel & Entertainment"|"Hotel"|"HT"|"Y"
"3646"|"Swallow Hotels"|"Travel & Entertainment"|"Hotel"|"HT"|"Y"
"3647"|"Husa Hotels"|"Travel & Entertainment"|"Hotel"|"HT"|"Y"
"3648"|"De Vere Hotels"|"Travel & Entertainment"|"Hotel"|"HT"|"Y"
"3649"|"Radisson Hotels"|"Travel & Entertainment"|"Hotel"|"HT"|"Y"
"3650"|"Red Roof Inns"|"Travel & Entertainment"|"Hotel"|"HT"|"Y"
"3651"|"Imperial London Hotel"|"Travel & Entertainment"|"Hotel"|"HT"|"Y"
"3652"|"Embassy Hotels"|"Travel & Entertainment"|"Hotel"|"HT"|"Y"
"3653"|"Penta Hotels"|"Travel & Entertainment"|"Hotel"|"HT"|"Y"
"3654"|"Loews Hotels"|"Travel & Entertainment"|"Hotel"|"HT"|"Y"
"3655"|"Scandic Hotels"|"Travel & Entertainment"|"Hotel"|"HT"|"Y"
"3656"|"Sara Hotels"|"Travel & Entertainment"|"Hotel"|"HT"|"Y"
"3657"|"Oberoi Hotels"|"Travel & Entertainment"|"Hotel"|"HT"|"Y"
"3658"|"Otani Hotels"|"Travel & Entertainment"|"Hotel"|"HT"|"Y"
"3659"|"Taj Hotels International"|"Travel & Entertainment"|"Hotel"|"HT"|"Y"
"3660"|"Knights Inns"|"Travel & Entertainment"|"Hotel"|"HT"|"Y"
"3661"|"Metropole Hotels"|"Travel & Entertainment"|"Hotel"|"HT"|"Y"
"3662"|"Circus Circus Hotel And Casino"|"Travel & Entertainment"|"Hotel"|"HT"|"Y"
"3663"|"Hoteles El Presidente"|"Travel & Entertainment"|"Hotel"|"HT"|"Y"
"3664"|"Flag Inn"|"Travel & Entertainment"|"Hotel"|"HT"|"Y"
"3665"|"Hampton Inns"|"Travel & Entertainment"|"Hotel"|"HT"|"Y"
"3666"|"Stakis Hotels"|"Travel & Entertainment"|"Hotel"|"HT"|"Y"
"3667"|"Luxor Hotel And Casino"|"Travel & Entertainment"|"Hotel"|"HT"|"Y"
"3668"|"Maritim Hotels"|"Travel & Entertainment"|"Hotel"|"HT"|"Y"
"3669"|"Eldarado Hotel And Casino"|"Travel & Entertainment"|"Hotel"|"HT"|"Y"
"3670"|"Arcade Hotels"|"Travel & Entertainment"|"Hotel"|"HT"|"Y"
"3671"|"Arctia Hotels"|"Travel & Entertainment"|"Hotel"|"HT"|"Y"
"3672"|"Campanile Hotels"|"Travel & Entertainment"|"Hotel"|"HT"|"Y"
"3673"|"Ibusz Hotels"|"Travel & Entertainment"|"Hotel"|"HT"|"Y"
"3674"|"Rantasipi Hotels"|"Travel & Entertainment"|"Hotel"|"HT"|"Y"
"3675"|"Interhotel Cedok"|"Travel & Entertainment"|"Hotel"|"HT"|"Y"
"3676"|"Monte Carlo Hotel And Casino"|"Travel & Entertainment"|"Hotel"|"HT"|"Y"
"3677"|"Climat De France Hotels"|"Travel & Entertainment"|"Hotel"|"HT"|"Y"
"3678"|"Cumulus Hotels"|"Travel & Entertainment"|"Hotel"|"HT"|"Y"
"3679"|"Silver Legacy Hotel And Casino"|"Travel & Entertainment"|"Hotel"|"HT"|"Y"
"3680"|"Hoteis Othan"|"Travel & Entertainment"|"Hotel"|"HT"|"Y"
"3681"|"Adams Mark Hotels"|"Travel & Entertainment"|"Hotel"|"HT"|"Y"
"3682"|"Sarah Hotel And Casino"|"Travel & Entertainment"|"Hotel"|"HT"|"Y"
"3683"|"Bradbury Suites"|"Travel & Entertainment"|"Hotel"|"HT"|"Y"
"3684"|"Budget Host Inns"|"Travel & Entertainment"|"Hotel"|"HT"|"Y"
"3685"|"Budgetel Hotels"|"Travel & Entertainment"|"Hotel"|"HT"|"Y"
"3686"|"Suisse Chalet"|"Travel & Entertainment"|"Hotel"|"HT"|"Y"
"3687"|"Clarion Hotels"|"Travel & Entertainment"|"Hotel"|"HT"|"Y"
"3688"|"Compri Hotels"|"Travel & Entertainment"|"Hotel"|"HT"|"Y"
"3689"|"Consort Hotels"|"Travel & Entertainment"|"Hotel"|"HT"|"Y"
"3690"|"Courtyard By Marriott"|"Travel & Entertainment"|"Hotel"|"HT"|"Y"
"3691"|"Dillon Inns"|"Travel & Entertainment"|"Hotel"|"HT"|"Y"
"3692"|"Doubletree Hotels"|"Travel & Entertainment"|"Hotel"|"HT"|"Y"
"3693"|"Drury Inns"|"Travel & Entertainment"|"Hotel"|"HT"|"Y"
"3694"|"Economy Inns Of America"|"Travel & Entertainment"|"Hotel"|"HT"|"Y"
"3695"|"Embassy Suites"|"Travel & Entertainment"|"Hotel"|"HT"|"Y"
"3696"|"Exel Inns"|"Travel & Entertainment"|"Hotel"|"HT"|"Y"
"3697"|"Fairfield Hotels"|"Travel & Entertainment"|"Hotel"|"HT"|"Y"
"3698"|"Harley Hotels"|"Travel & Entertainment"|"Hotel"|"HT"|"Y"
"3699"|"Midway Motor Lodge"|"Travel & Entertainment"|"Hotel"|"HT"|"Y"
"3700"|"Motel6"|"Travel & Entertainment"|"Hotel"|"HT"|"Y"
"3701"|"La Mansion Del Rio"|"Travel & Entertainment"|"Hotel"|"HT"|"Y"
"3702"|"The Registry Hotels"|"Travel & Entertainment"|"Hotel"|"HT"|"Y"
"3703"|"Residence Inns"|"Travel & Entertainment"|"Hotel"|"HT"|"Y"
"3704"|"Royce Hotels"|"Travel & Entertainment"|"Hotel"|"HT"|"Y"
"3705"|"Sandman Inns"|"Travel & Entertainment"|"Hotel"|"HT"|"Y"
"3706"|"Shilo Inns"|"Travel & Entertainment"|"Hotel"|"HT"|"Y"
"3707"|"Shoney's Inns"|"Travel & Entertainment"|"Hotel"|"HT"|"Y"
"3708"|"Virgin River Hotel And Casino"|"Travel & Entertainment"|"Hotel"|"HT"|"Y"
"3709"|"Super8 Motels"|"Travel & Entertainment"|"Hotel"|"HT"|"Y"
"3710"|"The Ritz Carlton Hotels"|"Travel & Entertainment"|"Hotel"|"HT"|"Y"
"3711"|"Flag Inns (Australia)"|"Travel & Entertainment"|"Hotel"|"HT"|"Y"
"3712"|"Buffalo Bill's Hotel And Casino"|"Travel & Entertainment"|"Hotel"|"HT"|"Y"
"3713"|"Quality Pacific Hotel"|"Travel & Entertainment"|"Hotel"|"HT"|"Y"
"3714"|"Four Seasons Hotel (Australia)"|"Travel & Entertainment"|"Hotel"|"HT"|"Y"
"3715"|"Fairfield Inn"|"Travel & Entertainment"|"Hotel"|"HT"|"Y"
"3716"|"Carlton Hotels"|"Travel & Entertainment"|"Hotel"|"HT"|"Y"
"3717"|"City Lodge Hotels"|"Travel & Entertainment"|"Hotel"|"HT"|"Y"
"3718"|"Karos Hotels"|"Travel & Entertainment"|"Hotel"|"HT"|"Y"
"3719"|"Protea Hotels"|"Travel & Entertainment"|"Hotel"|"HT"|"Y"
"3720"|"Southern Sun Hotels"|"Travel & Entertainment"|"Hotel"|"HT"|"Y"
"3721"|"Hilton Conrad"|"Travel & Entertainment"|"Hotel"|"HT"|"Y"
"3722"|"Wyndham Hotel And Resorts"|"Travel & Entertainment"|"Hotel"|"HT"|"Y"
"3725"|"Sea Pines Resort"|"Travel & Entertainment"|"Hotel"|"HT"|"Y"
"3726"|"Rio Suites"|"Travel & Entertainment"|"Hotel"|"HT"|"Y"
"3727"|"Broadmoor Hotel/Rio Suites"|"Travel & Entertainment"|"Hotel"|"HT"|"Y"
"3728"|"Bally's Hotel And Casino"|"Travel & Entertainment"|"Hotel"|"HT"|"Y"
"3729"|"John Ascuaga's Nugget"|"Travel & Entertainment"|"Hotel"|"HT"|"Y"
"3730"|"MGM Grand Hotel"|"Travel & Entertainment"|"Hotel"|"HT"|"Y"
"3731"|"Harrah's Hotels And Casinos"|"Travel & Entertainment"|"Hotel"|"HT"|"Y"
"3732"|"Opryland Hotel"|"Travel & Entertainment"|"Hotel"|"HT"|"Y"
"3733"|"Boca Raton Resort"|"Travel & Entertainment"|"Hotel"|"HT"|"Y"
"3734"|"Harvey/Bristol Hotels"|"Travel & Entertainment"|"Hotel"|"HT"|"Y"
"3735"|"Masters Economy Inns"|"Travel & Entertainment"|"Hotel"|"HT"|"Y"
"3736"|"Colorado Belle/Edgewater Resort"|"Travel & Entertainment"|"Hotel"|"HT"|"Y"
"3737"|"Riviera Hotel And Casino"|"Travel & Entertainment"|"Hotel"|"HT"|"Y"
"3738"|"Tropicana Resort & Casino"|"Travel & Entertainment"|"Hotel"|"HT"|"Y"
"3739"|"Woodside Hotels & Resorts"|"Travel & Entertainment"|"Hotel"|"HT"|"Y"
"3740"|"Towneplace Suites"|"Travel & Entertainment"|"Hotel"|"HT"|"Y"
"3741"|"Millennium Hotels"|"Travel & Entertainment"|"Hotel"|"HT"|"Y"
"3742"|"Club Med"|"Travel & Entertainment"|"Hotel"|"HT"|"Y"
"3743"|"Biltmore Hotel & Suites"|"Travel & Entertainment"|"Hotel"|"HT"|"Y"
"3744"|"Carefree Resorts"|"Travel & Entertainment"|"Hotel"|"HT"|"Y"
"3745"|"St. Regis Hotel"|"Travel & Entertainment"|"Hotel"|"HT"|"Y"
"3746"|"The Eliot Hotel"|"Travel & Entertainment"|"Hotel"|"HT"|"Y"
"3747"|"Clubcorp/Clubresorts"|"Travel & Entertainment"|"Hotel"|"HT"|"Y"
"3748"|"Wellesley Inns"|"Travel & Entertainment"|"Hotel"|"HT"|"Y"
"3749"|"The Beverly Hills Hotel"|"Travel & Entertainment"|"Hotel"|"HT"|"Y"
"3750"|"Crowne Plaza Hotels"|"Travel & Entertainment"|"Hotel"|"HT"|"Y"
"3751"|"Homewood Suites"|"Travel & Entertainment"|"Hotel"|"HT"|"Y"
"3752"|"Peabody Hotels"|"Travel & Entertainment"|"Hotel"|"HT"|"Y"
"3753"|"Greenbriar Resorts"|"Travel & Entertainment"|"Hotel"|"HT"|"Y"
"3754"|"Amelia Island Plantation"|"Travel & Entertainment"|"Hotel"|"HT"|"Y"
"3755"|"The Homestead"|"Travel & Entertainment"|"Hotel"|"HT"|"Y"
"3756"|"South Seas Resorts"|"Travel & Entertainment"|"Hotel"|"HT"|"Y"
"3757"|"Canyon Ranch"|"Travel & Entertainment"|"Hotel"|"HT"|"Y"
"3758"|"Kahala Mandarin Oriental Hotel"|"Travel & Entertainment"|"Hotel"|"HT"|"Y"
"3759"|"The Orchid At Mauna Lani"|"Travel & Entertainment"|"Hotel"|"HT"|"Y"
"3760"|"Halekulani Hotel/Waikiki Parc"|"Travel & Entertainment"|"Hotel"|"HT"|"Y"
"3761"|"Primadonna Hotel And Casino"|"Travel & Entertainment"|"Hotel"|"HT"|"Y"
"3762"|"Whiskey Pete's Hotel And Casino"|"Travel & Entertainment"|"Hotel"|"HT"|"Y"
"3763"|"Chateau Elan Winery And Resort"|"Travel & Entertainment"|"Hotel"|"HT"|"Y"
"3764"|"Beau Rivage Hotel And Casino"|"Travel & Entertainment"|"Hotel"|"HT"|"Y"
"3765"|"Bellagio"|"Travel & Entertainment"|"Hotel"|"HT"|"Y"
"3766"|"Fremont Hotel And Casino"|"Travel & Entertainment"|"Hotel"|"HT"|"Y"
"3767"|"Main Street Station Hotel & Casino"|"Travel & Entertainment"|"Hotel"|"HT"|"Y"
"3768"|"Silver Star Hotel And Casino"|"Travel & Entertainment"|"Hotel"|"HT"|"Y"
"3769"|"Stratosphere Hotel And Casino"|"Travel & Entertainment"|"Hotel"|"HT"|"Y"
"3770"|"Springhill Suites"|"Travel & Entertainment"|"Hotel"|"HT"|"Y"
"3771"|"Caesar's Hotel And Casino"|"Travel & Entertainment"|"Hotel"|"HT"|"Y"
"3772"|"Nemacolin Woodlands"|"Travel & Entertainment"|"Hotel"|"HT"|"Y"
"3773"|"The Venetian Resort Hotel Casino"|"Travel & Entertainment"|"Hotel"|"HT"|"Y"
"3774"|"New Your-New York Hotel+Casino"|"Travel & Entertainment"|"Hotel"|"HT"|"Y"
"3775"|"Sand's Resort"|"Travel & Entertainment"|"Hotel"|"HT"|"Y"
"3776"|"Nevele Grand Resort And Country Club"|"Travel & Entertainment"|"Hotel"|"HT"|"Y"
"3777"|"Mandalay Bay Resort"|"Travel & Entertainment"|"Hotel"|"HT"|"Y"
"3778"|"Four Points Hotel"|"Travel & Entertainment"|"Hotel"|"HT"|"Y"
"3779"|"W Hotels"|"Travel & Entertainment"|"Hotel"|"HT"|"Y"
"3780"|"Disneyland Resort Hotel"|"Travel & Entertainment"|"Hotel"|"HT"|"Y"
"3781"|"Patricia Grand Resort Hotels"|"Travel & Entertainment"|"Hotel"|"HT"|"Y"
"3782"|"Rosen Hotels And Resorts"|"Travel & Entertainment"|"Hotel"|"HT"|"Y"
"3783"|"Town And Country Resorts & Convention Center"|"Travel & Entertainment"|"Hotel"|"HT"|"Y"
"3784"|"First Hospitality"|"Travel & Entertainment"|"Hotel"|"HT"|"Y"
"3785"|"Outrigger Hotels"|"Travel & Entertainment"|"Hotel"|"HT"|"Y"
"3786"|"Ohana Hotels"|"Travel & Entertainment"|"Hotel"|"HT"|"Y"
"3787"|"Caribe Royal Resorts"|"Travel & Entertainment"|"Hotel"|"HT"|"Y"
"3788"|"Ala Moana Hotel"|"Travel & Entertainment"|"Hotel"|"HT"|"Y"
"3789"|"Smugglers Notch Resort"|"Travel & Entertainment"|"Hotel"|"HT"|"Y"
"3790"|"Raffles Hotels"|"Travel & Entertainment"|"Hotel"|"HT"|"Y"
"3791"|"Staybridge Suites"|"Travel & Entertainment"|"Hotel"|"HT"|"Y"
"3792"|"Claridge Casino Hotel"|"Travel & Entertainment"|"Hotel"|"HT"|"Y"
"3793"|"The Flamingo Hotels"|"Travel & Entertainment"|"Hotel"|"HT"|"Y"
"3794"|"Grand Casino Hotels"|"Travel & Entertainment"|"Hotel"|"HT"|"Y"
"3795"|"Paris Las Vegas Hotel"|"Travel & Entertainment"|"Hotel"|"HT"|"Y"
"3796"|"Peppermill"|"Travel & Entertainment"|"Hotel"|"HT"|"Y"
"4011"|"Railroads"|"Remaining"|"Remaining"|"OT"|"N"
"4111"|"Local/Suburban Commuter Passenger Transportation Including Ferries"|"Remaining"|"Remaining"|"OT"|"N"
"4112"|"Passenger Railways"|"Remaining"|"Remaining"|"OT"|"N"
"4119"|"Ambulance Services"|"Emerging"|"Emerging"|"EM"|"N"
"4121"|"Taxicabs/Limousines"|"Travel & Entertainment"|"Other T&E"|"TO"|"N"
"4131"|"Bus Lines, Including Charters, Tour Buses"|"Travel & Entertainment"|"Other T&E"|"TO"|"N"
"4214"|"Motor Freight Carriers, Trucking - Local/Long Distance, Moving And Storage Companies - Local Delivery Services"|"Emerging"|"Emerging"|"EM"|"N"
"4215"|"Courier Services - Air Or Ground, Freight Forwarders"|"Retail"|"Other Retail"|"RO"|"N"
"4225"|"Public Warehousing - Including Farm Products, Refrigerated Goods, Household Goods, And Storage"|"Remaining"|"Remaining"|"OT"|"N"
"4411"|"Renaissance Cruises, Inc."|"Travel & Entertainment"|"Other T&E"|"TO"|"N"
"4457"|"Boat Rentals And Leases"|"Travel & Entertainment"|"Other T&E"|"TO"|"N"
"4468"|"Marinas, Marine Service And Supplies"|"Remaining"|"Remaining"|"OT"|"N"
"4511"|"Airlines, Air Carriers (Not Listed Elsewhere)"|"Travel & Entertainment"|"Airlines"|"AL"|"N"
"4582"|"Airports, Flying Fields, Airport Terminals"|"Travel & Entertainment"|"Airlines"|"AL"|"N"
"4722"|"Travel Agencies"|"Travel & Entertainment"|"Other T&E"|"TO"|"N"
"4723"|"Package Tour Operators (Germany Only)"|"Remaining"|"Remaining"|"OT"|"N"
"4784"|"Toll And Bridge Fees"|"Emerging"|"Emerging"|"EM"|"N"
"4789"|"Transportation Services, Not Elsewhere Classified"|"Remaining"|"Remaining"|"OT"|"N"
"4812"|"Telecommunications Equipment Including Telephone Sales"|"Emerging"|"Emerging"|"EM"|"N"
"4813"|"Special Telecom Merchants (Only Registered And Approved Special Telecom Merchants Should Use This MCC)"|"Retail"|"Other Retail"|"RO"|"N"
"4814"|"Telecommunication Service Including Local And Long Distance Calls, Credit Card Calls, Calls Through Use Of Magnetic-Stripe-Reading Telephones And Fax Services"|"Emerging"|"Emerging"|"EM"|"N"
"4815"|"Visaphone"|"Remaining"|"Remaining"|"OT"|"N"
"4816"|"Electronic Commerce/Information Services"|"Emerging"|"Emerging"|"EM"|"N"
"4821"|"Telegraph Services"|"Remaining"|"Remaining"|"OT"|"N"
"4829"|"Wire Transfer - Money Order"|"Remaining"|"Remaining"|"OT"|"N"
"4899"|"Cable And Other Pay Television (Previously Cable Services)"|"Emerging"|"Emerging"|"EM"|"N"
"4900"|"Utilities - Electric, Gas, Water, Telephone, Sanitary"|"Emerging"|"Emerging"|"EM"|"N"
"5013"|"Motor Vehicle Supplies And New Parts"|"Emerging"|"Emerging"|"EM"|"N"
"5021"|"Commercial Furniture"|"Emerging"|"Emerging"|"EM"|"N"
"5039"|"Construction Materials, Not Elsewhere Classified"|"Emerging"|"Emerging"|"EM"|"N"
"5044"|"Office, Photographic, Photocopy, And Microfilm Equipment"|"Emerging"|"Emerging"|"EM"|"N"
"5045"|"Computers, Computer Peripheral Equipment, Software"|"Emerging"|"Emerging"|"EM"|"N"
"5046"|"Commercial Equipment, Not Elsewhere Classified"|"Emerging"|"Emerging"|"EM"|"N"
"5047"|"Laboratory, Medical, Dental, Ophthalmic, Hospital Equipment And Supplies"|"Emerging"|"Emerging"|"EM"|"N"
"5051"|"Metal Service Centers And Offices"|"Emerging"|"Emerging"|"EM"|"N"
"5065"|"Electrical Parts And Equipment"|"Emerging"|"Emerging"|"EM"|"N"
"5072"|"Hardware Equipment And Supplies"|"Emerging"|"Emerging"|"EM"|"N"
"5074"|"Plumbing And Heating Equipment And Supplies"|"Emerging"|"Emerging"|"EM"|"N"
"5085"|"Industrial Supplies, Not Elsewhere Classified"|"Emerging"|"Emerging"|"EM"|"N"
"5094"|"Precious Stones And Metals, Watches And Jewelry"|"Emerging"|"Emerging"|"EM"|"N"
"5099"|"Durable Goods, Not Elsewhere Classified"|"Emerging"|"Emerging"|"EM"|"N"
"5111"|"Stationery, Office Supplies, Printing And Writing Paper"|"Emerging"|"Emerging"|"EM"|"N"
"5122"|"Drugs, Drug Proprietaries, And Druggist's Sundries"|"Emerging"|"Emerging"|"EM"|"N"
"5131"|"Piece Goods, Notions, And Other Dry Goods"|"Emerging"|"Emerging"|"EM"|"N"
"5137"|"Men's, Women's, And Children's Uniforms And Commercial Clothing"|"Emerging"|"Emerging"|"EM"|"N"
"5139"|"Commerical Footwear"|"Emerging"|"Emerging"|"EM"|"N"
"5169"|"Chemicals And Allied Products, Not Elsewhere Classified"|"Emerging"|"Emerging"|"EM"|"N"
"5172"|"Petroleum And Petroleum Products"|"Emerging"|"Emerging"|"EM"|"N"
"5192"|"Books, Periodicals, And Newspapers"|"Emerging"|"Emerging"|"EM"|"N"
"5193"|"Florists' Supplies, Nursery Stock And Flowers"|"Emerging"|"Emerging"|"EM"|"N"
"5198"|"Paints, Varnishes, And Supplies"|"Emerging"|"Emerging"|"EM"|"N"
"5199"|"Non-Durable Goods, Not Elsewhere Classified"|"Emerging"|"Emerging"|"EM"|"N"
"5200"|"Home Supply Warehouse Stores"|"Retail"|"Other Retail"|"RO"|"N"
"5211"|"Lumber And Building Materials Stores"|"Retail"|"Other Retail"|"RO"|"N"
"5231"|"Glass, Paint And Wallpaper Stores"|"Retail"|"Other Retail"|"RO"|"N"
"5251"|"Hardware Stores"|"Retail"|"Other Retail"|"RO"|"N"
"5261"|"Nurseries - Lawn And Garden Supply Stores"|"Retail"|"Other Retail"|"RO"|"N"
"5271"|"Mobile Home Dealers"|"Retail"|"Other Retail"|"RO"|"N"
"5300"|"Wholesale Clubs"|"Emerging"|"Emerging"|"EM"|"N"
"5309"|"Duty Free Stores"|"Travel & Entertainment"|"Other T&E"|"TO"|"N"
"5310"|"Discount Stores"|"Retail"|"Discount Stores"|"DS"|"N"
"5311"|"Department Stores"|"Retail"|"Other Retail"|"RO"|"N"
"5331"|"Variety Stores"|"Retail"|"Other Retail"|"RO"|"N"
"5399"|"General Merchandise"|"Retail"|"Other Retail"|"RO"|"N"
"5411"|"Grocery Stores, Supermarkets"|"Retail"|"Supermarkets"|"SM"|"N"
"5422"|"Freezer And Locker Meat Provisioners"|"Remaining"|"Remaining"|"OT"|"N"
"5441"|"Candy, Nut, Confectionery Stores"|"Retail"|"Other Retail"|"RO"|"N"
"5451"|"Dairy Products Stores"|"Retail"|"Other Retail"|"RO"|"N"
"5462"|"Bakeries"|"Retail"|"Other Retail"|"RO"|"N"
"5499"|"Miscellaneous Food Stores - Specialty, Markets, Convenience"|"Retail"|"Other Retail"|"RO"|"N"
"5511"|"Automobile And Truck Dealers (New And Used) Sales, Service, Repairs, Parts And Leasing"|"Retail"|"Other Retail"|"RO"|"N"
"5521"|"Automobile And Truck Dealers (Used Only)"|"Retail"|"Other Retail"|"RO"|"N"
"5531"|"Automobile And Home Supply Stores"|"Retail"|"Other Retail"|"RO"|"N"
"5532"|"Automotive Tire Stores"|"Retail"|"Other Retail"|"RO"|"N"
"5533"|"Automotive Parts, Accessories Stores"|"Retail"|"Other Retail"|"RO"|"N"
"5541"|"Service Stations (With Or Without Ancillary Services)"|"Retail"|"Oil"|"PE"|"N"
"5542"|"Automated Fuel Dispensers"|"Retail"|"Oil"|"PE"|"N"
"5551"|"Boat Dealers"|"Travel & Entertainment"|"Other T&E"|"TO"|"N"
"5561"|"Recreational And Utility Trailers, Camper Dealers"|"Travel & Entertainment"|"Other T&E"|"TO"|"N"
"5571"|"Motorcycle Dealers"|"Retail"|"Other Retail"|"RO"|"N"
"5592"|"Motor Home Dealers"|"Retail"|"Other Retail"|"RO"|"N"
"5598"|"Snowmobile Dealers"|"Retail"|"Other Retail"|"RO"|"N"
"5599"|"Automotive Dealers"|"Retail"|"Other Retail"|"RO"|"N"
"5611"|"Men's And Boys' Clothing And Accessories Stores"|"Retail"|"Other Retail"|"RO"|"N"
"5621"|"Women's Ready-To-Wear Stores"|"Retail"|"Other Retail"|"RO"|"N"
"5631"|"Women's Accessory And Specialty Shops"|"Retail"|"Other Retail"|"RO"|"N"
"5641"|"Children's And Infants' Wear Stores"|"Retail"|"Other Retail"|"RO"|"N"
"5651"|"Family Clothing Stores"|"Retail"|"Other Retail"|"RO"|"N"
"5655"|"Sports Apparel, Riding Apparel Stores"|"Retail"|"Other Retail"|"RO"|"N"
"5661"|"Shoe Stores"|"Retail"|"Other Retail"|"RO"|"N"
"5681"|"Furriers And Fur Shops"|"Retail"|"Other Retail"|"RO"|"N"
"5691"|"Men's And Women's Clothing Stores"|"Retail"|"Other Retail"|"RO"|"N"
"5697"|"Tailors And Seamstresses, Mending And Alterations"|"Retail"|"Other Retail"|"RO"|"N"
"5698"|"Wig And Toupee Stores"|"Retail"|"Other Retail"|"RO"|"N"
"5699"|"Apparel And Accessory Shops - Miscellaneous"|"Retail"|"Other Retail"|"RO"|"N"
"5712"|"Furniture, Home Furnishings And Equipment Stores, Except Appliances"|"Retail"|"Other Retail"|"RO"|"N"
"5713"|"Floor Covering Stores"|"Retail"|"Other Retail"|"RO"|"N"
"5714"|"Drapery, Windowcovering And Upholstery Stores"|"Retail"|"Other Retail"|"RO"|"N"
"5718"|"Fireplaces, Fireplace Screens And Accessories Stores"|"Retail"|"Other Retail"|"RO"|"N"
"5719"|"Home Furnishings And Equipment Except Appliances"|"Retail"|"Other Retail"|"RO"|"N"
"5722"|"Household Appliance Stores"|"Retail"|"Other Retail"|"RO"|"N"
"5732"|"Electronic Sales"|"Retail"|"Other Retail"|"RO"|"N"
"5733"|"Music Stores, Musical Instruments, Pianos Sheet Music"|"Retail"|"Other Retail"|"RO"|"N"
"5734"|"Computer Software Stores"|"Retail"|"Other Retail"|"RO"|"N"
"5735"|"Record Shops"|"Retail"|"Other Retail"|"RO"|"N"
"5811"|"Caterers"|"Travel & Entertainment"|"Other T&E"|"TO"|"N"
"5812"|"Eating Places, Restaurants"|"Travel & Entertainment"|"Restaurants"|"RE"|"N"
"5813"|"Drinking Places (Alcoholic Beverages) Bars, Taverns, Cocktail Lounges, Nightclubs, Discotheques"|"Travel & Entertainment"|"Other T&E"|"TO"|"N"
"5814"|"Fast Food Restaurants"|"Emerging"|"Emerging"|"EM"|"N"
"5912"|"Drug Stores And Pharmacies"|"Retail"|"Other Retail"|"RO"|"N"
"5921"|"Package Stores - Beer, Wine And Liquor"|"Retail"|"Other Retail"|"RO"|"N"
"5931"|"Used Merchandise Stores, Secondhand Stores"|"Retail"|"Other Retail"|"RO"|"N"
"5932"|"Antique Shops"|"Retail"|"Other Retail"|"RO"|"N"
"5933"|"Pawn Shops"|"Retail"|"Other Retail"|"RO"|"N"
"5935"|"Wrecking And Salvage Yards"|"Retail"|"Other Retail"|"RO"|"N"
"5937"|"Antique Reproductions"|"Retail"|"Other Retail"|"RO"|"N"
"5940"|"Bicycle Shops - Sales And Service"|"Retail"|"Other Retail"|"RO"|"N"
"5941"|"Sporting Goods Stores"|"Retail"|"Other Retail"|"RO"|"N"
"5942"|"Book Stores"|"Retail"|"Other Retail"|"RO"|"N"
"5943"|"Stationery Stores, Office And School Supply Stores"|"Retail"|"Other Retail"|"RO"|"N"
"5944"|"Jewelry Stores, Watches, Clocks, And Silverware Stores"|"Retail"|"Other Retail"|"RO"|"N"
"5945"|"Hobby, Toy, And Game Shops"|"Retail"|"Other Retail"|"RO"|"N"
"5946"|"Camera And Photographic Supply Stores"|"Retail"|"Other Retail"|"RO"|"N"
"5947"|"Gift, Card, Novelty And Souvenir Shops"|"Retail"|"Other Retail"|"RO"|"N"
"5948"|"Luggage And Leather Goods Stores"|"Retail"|"Other Retail"|"RO"|"N"
"5949"|"Sewing, Needlework, Fabric And Piece Goods Stores"|"Retail"|"Other Retail"|"RO"|"N"
"5950"|"Glassware/Crystal Stores"|"Retail"|"Other Retail"|"RO"|"N"
"5960"|"Direct Marketing Insurance Services"|"Emerging"|"Emerging"|"EM"|"N"
"5962"|"Direct Marketing Travel-Related Arrangement Services (Excluding Travel Agencies)"|"Direct Marketing"|"Direct Marketing"|"DM"|"N"
"5963"|"Direct Selling Establishments/Door-To-Door Sales"|"Direct Marketing"|"Direct Marketing"|"DM"|"N"
"5964"|"Catalog Merchant"|"Direct Marketing"|"Direct Marketing"|"DM"|"N"
"5965"|"Combination Catalog And Retail Merchant"|"Direct Marketing"|"Direct Marketing"|"DM"|"N"
"5966"|"Outbound Telemarketing Merchant"|"Direct Marketing"|"Direct Marketing"|"DM"|"N"
"5967"|"Inbound Teleservices Merchant"|"Direct Marketing"|"Direct Marketing"|"DM"|"N"
"5968"|"Continuity/Subscription Merchant"|"Direct Marketing"|"Direct Marketing"|"DM"|"N"
"5969"|"Direct Marketers, Not Elsewhere Classified"|"Direct Marketing"|"Direct Marketing"|"DM"|"N"
"5970"|"Artist's Supply And Craft Shops"|"Retail"|"Other Retail"|"RO"|"N"
"5971"|"Art Dealers And Galleries"|"Retail"|"Other Retail"|"RO"|"N"
"5972"|"Stamp And Coin Stores - Philatelic And Numismatic Supplies"|"Retail"|"Other Retail"|"RO"|"N"
"5973"|"Religious Goods Stores"|"Retail"|"Other Retail"|"RO"|"N"
"5975"|"Hearing Aids - Sales, Service And Supply Stores"|"Emerging"|"Emerging"|"EM"|"N"
"5976"|"Orthopedic Goods Prosthetic Devices"|"Emerging"|"Emerging"|"EM"|"N"
"5977"|"Cosmetic Stores"|"Retail"|"Other Retail"|"RO"|"N"
"5978"|"Typewriter Stores - Sales, Rental, Service"|"Retail"|"Other Retail"|"RO"|"N"
"5983"|"Fuel Dealers - Fuel Oil, Wood, Coal, Liquefied Petroleum"|"Retail"|"Other Retail"|"RO"|"N"
"5992"|"Florists"|"Retail"|"Other Retail"|"RO"|"N"
"5993"|"Cigar Stores And Stands"|"Retail"|"Other Retail"|"RO"|"N"
"5994"|"News Dealers And Newsstands"|"Retail"|"Other Retail"|"RO"|"N"
"5995"|"Pet Shops Pet Foods And Supplies Stores"|"Retail"|"Other Retail"|"RO"|"N"
"5996"|"Swimming Pools - Sales, Service And Supplies"|"Retail"|"Other Retail"|"RO"|"N"
"5997"|"Electric Razor Stores - Sales And Service"|"Retail"|"Other Retail"|"RO"|"N"
"5998"|"Tent And Awning Shops"|"Retail"|"Other Retail"|"RO"|"N"
"5999"|"Miscellaneous And Specialty Retail Stores"|"Retail"|"Other Retail"|"RO"|"N"
"6010"|"Financial Institutions - Manual Cash Disbursements"|"Remaining"|"Remaining"|"OT"|"N"
"6011"|"Financial Institutions - Automated Cash Disbursements"|"Remaining"|"Remaining"|"OT"|"N"
"6012"|"Financial Institutions - Merchandise And Services"|"Remaining"|"Remaining"|"OT"|"N"
"6051"|"Non-Financial Institutions - Foreign Currency, Money Orders (Not Wire Transfer) And Travelers Cheques"|"Remaining"|"Remaining"|"OT"|"N"
"6211"|"Security Brokers/Dealers"|"Remaining"|"Remaining"|"OT"|"N"
"6300"|"Insurance Sales, Underwriting, And Premiums"|"Emerging"|"Emerging"|"EM"|"N"
"6513"|"Real Estate Agents And Managers"|"Retail"|"Other Retail"|"RO"|"N"
"6535"|"Value Purchase - Member Financial Institution"|"Retail"|"Other Retail"|"RO"|"N"
"7011"|"Hotels - Lodging Charges (Retail)"|"Travel & Entertainment"|"Hotel"|"HT"|"N"
"7012"|"Timeshares"|"Travel & Entertainment"|"Other T&E"|"TO"|"N"
"7032"|"Sporting And Recreational Camps"|"Travel & Entertainment"|"Other T&E"|"TO"|"N"
"7033"|"Trailer Parks And Camp Grounds"|"Travel & Entertainment"|"Other T&E"|"TO"|"N"
"7210"|"Laundry, Cleaning And Garment Services"|"Remaining"|"Remaining"|"OT"|"N"
"7211"|"Laundries - Family And Commercial"|"Remaining"|"Remaining"|"OT"|"N"
"7216"|"Dry Cleaners"|"Retail"|"Other Retail"|"RO"|"N"
"7217"|"Carpet And Upholstery Cleaning"|"Remaining"|"Remaining"|"OT"|"N"
"7221"|"Photographic Studios"|"Retail"|"Other Retail"|"RO"|"N"
"7230"|"Barber And Beauty Shops"|"Retail"|"Other Retail"|"RO"|"N"
"7251"|"Shoe Repair Shops And Shoe Shine Parlors, And Hat Cleaning Shops"|"Retail"|"Other Retail"|"RO"|"N"
"7261"|"Funeral Service And Crematories"|"Retail"|"Other Retail"|"RO"|"N"
"7273"|"Dating And Escort Services"|"Retail"|"Other Retail"|"RO"|"N"
"7276"|"Tax Preparation Service"|"Remaining"|"Remaining"|"OT"|"N"
"7277"|"Counseling Service - Debt, Marriage, Personal"|"Emerging"|"Emerging"|"EM"|"N"
"7278"|"Buying/Shopping Services, Clubs"|"Remaining"|"Remaining"|"OT"|"N"
"7296"|"Clothing Rental - Costumes, Formal Wear, Uniforms"|"Retail"|"Other Retail"|"RO"|"N"
"7297"|"Massage Parlors"|"Retail"|"Other Retail"|"RO"|"N"
"7298"|"Spas - Health And Beauty"|"Emerging"|"Emerging"|"EM"|"N"
"7299"|"Miscellaneous Personal Services, Not Elsewhere Classified"|"Remaining"|"Remaining"|"OT"|"N"
"7311"|"Advertising Services"|"Remaining"|"Remaining"|"OT"|"N"
"7321"|"Consumer Credit Reporting Agencies"|"Remaining"|"Remaining"|"OT"|"N"
"7333"|"Commercial Photography, Art And Graphics"|"Remaining"|"Remaining"|"OT"|"N"
"7338"|"Quick Copy, Reproduction, And Blueprinting Services"|"Retail"|"Other Retail"|"RO"|"N"
"7339"|"Stenographic Services"|"Remaining"|"Remaining"|"OT"|"N"
"7342"|"Exterminating And Disinfecting Services"|"Retail"|"Other Retail"|"RO"|"N"
"7349"|"Cleaning And Maintenance, Janitorial Services"|"Remaining"|"Remaining"|"OT"|"N"
"7361"|"Employment Agencies, Temporary Help Services"|"Emerging"|"Emerging"|"EM"|"N"
"7372"|"Computer Programming, Integrated Systems Design And Data Processing Services"|"Emerging"|"Emerging"|"EM"|"N"
"7375"|"Information Retrieval Services"|"Emerging"|"Emerging"|"EM"|"N"
"7379"|"Computer Maintenance And Repair Services, Not Elsewhere Classified"|"Emerging"|"Emerging"|"EM"|"N"
"7392"|"Management, Consulting, And Public Relations Services"|"Remaining"|"Remaining"|"OT"|"N"
"7393"|"Detective Agencies, Protective Services, And Security Services, Including Armored Cars, And Guard Dogs"|"Remaining"|"Remaining"|"OT"|"N"
"7394"|"Equipment Rental And Leasing Services, Tool Rental, Furniture Rental And Appliance Rental"|"Emerging"|"Emerging"|"EM"|"N"
"7395"|"Photofinishing Laboratories Photo Developing"|"Remaining"|"Remaining"|"OT"|"N"
"7399"|"Business Services, Not Elsewhere Classified"|"Emerging"|"Emerging"|"EM"|"N"
"7512"|"Car Rental Companies (Not Listed Below)"|"Travel & Entertainment"|"Other T&E"|"TO"|"N"
"7513"|"Rentals - Trucks And Trailers"|"Travel & Entertainment"|"Other T&E"|"TO"|"N"
"7519"|"Motor Home And Recreational Vehicle Rentals"|"Travel & Entertainment"|"Other T&E"|"TO"|"N"
"7523"|"Automobile Parking Lots"|"Remaining"|"Remaining"|"OT"|"N"
"7531"|"Automotive Body Repair Shops"|"Retail"|"Other Retail"|"RO"|"N"
"7534"|"Tire Retreading And Repair Shops"|"Retail"|"Other Retail"|"RO"|"N"
"7535"|"Automotive Paint Shops"|"Retail"|"Other Retail"|"RO"|"N"
"7538"|"Automotive Service Shops (Non-Dealer)"|"Retail"|"Other Retail"|"RO"|"N"
"7542"|"Car Washes"|"Retail"|"Other Retail"|"RO"|"N"
"7549"|"Towing Services"|"Retail"|"Other Retail"|"RO"|"N"
"7622"|"Radio, Television, And Stereo Repair Shops"|"Retail"|"Other Retail"|"RO"|"N"
"7623"|"Air Conditioning And Refrigeration Repair Shops"|"Remaining"|"Remaining"|"OT"|"N"
"7629"|"Repair Shops - Electrical And Small Appliance"|"Retail"|"Other Retail"|"RO"|"N"
"7631"|"Watch, Clock And Jewelry Repair"|"Retail"|"Other Retail"|"RO"|"N"
"7641"|"Reupholstery And Furniture Repair, Furniture Refinishing"|"Remaining"|"Remaining"|"OT"|"N"
"7692"|"Welding"|"Remaining"|"Remaining"|"OT"|"N"
"7699"|"Repair Shops And Related Services - Miscellaneous"|"Remaining"|"Remaining"|"OT"|"N"
"7829"|"Motion Pictures And Video Tape Production And Distribution"|"Emerging"|"Emerging"|"EM"|"N"
"7832"|"Motion Picture Theaters"|"Remaining"|"Remaining"|"OT"|"N"
"7841"|"Video Tape Rental Stores"|"Retail"|"Other Retail"|"RO"|"N"
"7911"|"Dance Halls, Studios And Schools"|"Remaining"|"Remaining"|"OT"|"N"
"7922"|"Theatrical Producers (Except Motion Pictures), Ticket Agencies"|"Travel & Entertainment"|"Other T&E"|"TO"|"N"
"7929"|"Bands, Orchestras, Entertainers"|"Travel & Entertainment"|"Other T&E"|"TO"|"N"
"7932"|"Billiard And Pool Establishments"|"Travel & Entertainment"|"Other T&E"|"TO"|"N"
"7933"|"Bowling Alleys"|"Travel & Entertainment"|"Other T&E"|"TO"|"N"
"7941"|"Commercial Sports, Professional Sports Clubs, Athletic Fields, Sports Promoters"|"Travel & Entertainment"|"Other T&E"|"TO"|"N"
"7991"|"Tourist Attractions And Exhibits"|"Travel & Entertainment"|"Other T&E"|"TO"|"N"
"7992"|"Golf Courses - Public"|"Travel & Entertainment"|"Other T&E"|"TO"|"N"
"7993"|"Video Amusement Game Supplies"|"Travel & Entertainment"|"Other T&E"|"TO"|"N"
"7994"|"Video Game Arcades/Establishments"|"Travel & Entertainment"|"Other T&E"|"TO"|"N"
"7995"|"Betting (Including Lottery Tickets), Casino Gaming Chips, Off-Track Betting And Wagers"|"Travel & Entertainment"|"Other T&E"|"TO"|"N"
"7996"|"Amusement Parks, Circuses, Carnivals, Fortune Tellers"|"Travel & Entertainment"|"Other T&E"|"TO"|"N"
"7997"|"Membership Clubs (Sports, Recreation, Athletic), Country Clubs, Private Golf Courses"|"Emerging"|"Emerging"|"EM"|"N"
"7998"|"Aquariums, Seaquariums, Dolphinariums"|"Travel & Entertainment"|"Other T&E"|"TO"|"N"
"7999"|"Recreational Services (Includes Swimming Pools, Miniature Golf/Driving Ranges, Ski Slopes, Boat/Aircraft Rentals, Sport/Games Instruction, Botanical Gardens, Museums, Zoos)"|"Travel & Entertainment"|"Other T&E"|"TO"|"N"
"8011"|"Doctors"|"Emerging"|"Emerging"|"EM"|"N"
"8021"|"Dentists, Orthodontists"|"Emerging"|"Emerging"|"EM"|"N"
"8031"|"Osteopaths"|"Emerging"|"Emerging"|"EM"|"N"
"8041"|"Chiropractors"|"Emerging"|"Emerging"|"EM"|"N"
"8042"|"Optometrists, Ophthalmologists"|"Emerging"|"Emerging"|"EM"|"N"
"8043"|"Opticians, Optical Goods, And Eyeglasses"|"Emerging"|"Emerging"|"EM"|"N"
"8049"|"Chiropodists, Podiatrists"|"Emerging"|"Emerging"|"EM"|"N"
"8050"|"Nursing And Personal Care Facilities"|"Emerging"|"Emerging"|"EM"|"N"
"8062"|"Hospitals"|"Emerging"|"Emerging"|"EM"|"N"
"8071"|"Medical And Dental Laboratories"|"Emerging"|"Emerging"|"EM"|"N"
"8099"|"Medical Services And Health Practitioners, Not Elsewhere Classified"|"Emerging"|"Emerging"|"EM"|"N"
"8111"|"Legal Services, Attorneys"|"Remaining"|"Remaining"|"OT"|"N"
"8211"|"Schools - Elementary And Secondary"|"Emerging"|"Emerging"|"EM"|"N"
"8220"|"Colleges, Universities, Professional Schools, And Junior Colleges"|"Emerging"|"Emerging"|"EM"|"N"
"8241"|"Correspondence Schools"|"Remaining"|"Remaining"|"OT"|"N"
"8244"|"Schools - Business And Secretarial"|"Remaining"|"Remaining"|"OT"|"N"
"8249"|"Vocational And Trade Schools"|"Remaining"|"Remaining"|"OT"|"N"
"8299"|"Schools And Educational Services, Not Elsewhere Classified"|"Emerging"|"Emerging"|"EM"|"N"
"8351"|"Child Care Services"|"Retail"|"Other Retail"|"RO"|"N"
"8398"|"Charitable And Social Service Organizations"|"Remaining"|"Remaining"|"OT"|"N"
"8641"|"Civic, Social, And Fraternal Associations"|"Remaining"|"Remaining"|"OT"|"N"
"8651"|"Political Organizations"|"Remaining"|"Remaining"|"OT"|"N"
"8661"|"Religious Organizations"|"Remaining"|"Remaining"|"OT"|"N"
"8675"|"Automobile Associations"|"Emerging"|"Emerging"|"EM"|"N"
"8699"|"Membership Organizations, Not Elsewhere Classified"|"Emerging"|"Emerging"|"EM"|"N"
"8734"|"Testing Laboratories (Non-Medical)"|"Emerging"|"Emerging"|"EM"|"N"
"8911"|"Architectural - Engineering And Surveying Services"|"Remaining"|"Remaining"|"OT"|"N"
"8931"|"Accounting, Auditing, And Bookkeeping Services"|"Remaining"|"Remaining"|"OT"|"N"
"8999"|"Professional Services, Not Elsewhere Defined"|"Remaining"|"Remaining"|"OT"|"N"
"9211"|"Court Costs, Including Alimony And Child Support"|"Emerging"|"Emerging"|"EM"|"N"
"9222"|"Fines"|"Emerging"|"Emerging"|"EM"|"N"
"9223"|"Bail And Bond Payments"|"Emerging"|"Emerging"|"EM"|"N"
"9311"|"Tax Payments"|"Emerging"|"Emerging"|"EM"|"N"
"9399"|"Government Services, Not Elsewhere Classified"|"Emerging"|"Emerging"|"EM"|"N"
"9402"|"Postage Stamps"|"Emerging"|"Emerging"|"EM"|"N"
"9405"|"Intra-Government Purchases-Government Only"|"Emerging"|"Emerging"|"EM"|"N"
"9701"|"Visa Credential Server"|"Retail"|"Other Retail"|"RO"|"N"
"9702"|"Gcas Emergency Services (For Visa Use Only)"|"Remaining"|"Remaining"|"OT"|"N"
"9751"|"U.K. Supermarkets - Electronic Hot File (For Regional Use Only)"|"Remaining"|"Remaining"|"OT"|"N"
"9752"|"U.K. Petrol Stations - Electronic Hot File (For Regional Use Only)"|"Remaining"|"Remaining"|"OT"|"N"
"9950"|"Intra-Company Purchases"|"Emerging"|"Emerging"|"EM"|"N"